Word,Positive,Negative,Uncertainty,Litigious
ADJUST,2009,,,
BALANCE,2009,,,
CONSTRUCT,2009,,,
AGREEMENT,2009,,,
AWARD,2009,,,
CONDITION,2009,,,
COORDINATE,2009,,,
BEAT,2009,,,
CLOSE,2009,,,
COMPELLING,2009,,,
AMAZING,2009,,,
AUTHORIZE,2009,,,
CAPABLE,2009,,,
BUSY,2009,,,
BUILD,2009,,,
CAPACITY,2009,,,
CELEBRATE,2009,,,
CONSTITUTE,2009,,,
COMPREHENSIVE,2009,,,
COST-SAVING,2009,,,
CORPORATE,2009,,,
BACKED,2009,,,
CHANGE,2009,,,
ADEQUATE,2009,,,
ATTAIN,2009,,,
COMMUNICATE,2009,,,
ATTRACTIVE,2009,,,
CONVERSION,2009,,,
BENEFIT,2009,,,
COMPATIBLE,2009,,,
ADAPT,2009,,,
CONSPICUOUS,2009,,,
COMPLIANCE,2009,,,
CONTINUITY,2009,,,
CONCENTRATE,2009,,,
CONSULT,2009,,,
CLEAR,2009,,,
COMPLETION,2009,,,
CONSIDERABLE,2009,,,
ALTERNATIVE,2009,,,
COMMENCE,2009,,,
COOPERATE,2009,,,
BANKABLE,2009,,,
COMMODITIZE,2009,,,
CLEARLY,2009,,,
CREATIVE,2009,,,
CONTRIBUTION,2009,,,
AFFORD,2009,,,
CONSTANT,2009,,,
ACCREDIT,2009,,,
CLIMB,2009,,,
CORNERSTONE,2009,,,
ACQUIRE,2009,,,
BARGAIN,2009,,,
AMENDMENT,2009,,,
AVAILABLE,2009,,,
CONTAIN,2009,,,
CULMINATE,2009,,,
AMORTIZE,2009,,,
BURGEONING,2009,,,
CONVINCE,2009,,,
AFFORDABLE,2009,,,
CONSISTENT,2009,,,
COUNSEL,2009,,,
CONNECT,2009,,,
APPROPRIATE,2009,,,
ABUNDANT,2009,,,
COMMIT,2009,,,
CONVENTIONAL,2009,,,
COMPETITIVE,2009,,,
CAPABILITY,2009,,,
COMPROMISE,2009,,,
CONVENIENCE,2009,,,
CLEARER,2009,,,
CONSTRUCTIVE,2009,,,
BANEFUL,2009,,,
AUTOMATE,2009,,,
AMBITIOUS,2009,,,
BURGEON,2009,,,
ACHIEVEMENT,2009,,,
BENCHMARK,2009,,,
CREDIBLE,2009,,,
COMPETITION,2009,,,
COLLECT,2009,,,
CREDIBILITY,2009,,,
CONTENDER,2009,,,
CREATE,2009,,,
CURE,2009,,,
BENEFICIAL,2009,,,
ADVANCE,2009,,,
CAPITALIZE,2009,,,
CONFORM,2009,,,
BROADEN,2009,,,
CONCERTED,2009,,,
COST-EFFECTIVE,2009,,,
ACQUISITION,2009,,,
BUILT,2009,,,
CONVERT,2009,,,
COPYRIGHT,2009,,,
CUSTOMER,2009,,,
CONSOLIDATION,2009,,,
COMPUTE,2009,,,
CREDIT,2009,,,
COLLABORATION,2009,,,
ACCOLADE,2009,,,
CREATION,2009,,,
AUDIT,2009,,,
COMPETE,2009,,,
AUTHORITY,2009,,,
CONFIDENCE,2009,,,
AGREE,2009,,,
CONSUMMATE,2009,,,
COMMITMENT,2009,,,
CONCLUSION,2009,,,
CONSEQUENTIAL,2009,,,
CORRECT,2009,,,
CONTRACT,2009,,,
CONFIDENT,2009,,,
CAPTURE,2009,,,
COMPLETE,2009,,,
ACCOMPLISH,2009,,,
ACHIEVE,2009,,,
APPRECIATE,2009,,,
AVERT,2009,,,
BOOST,2009,,,
COMPETENCE,2009,,,
CONCEPT,2009,,,
ADVANCED,2009,,,
COMPACT,2009,,,
CONCURRENT,2009,,,
ALLOCATE,2009,,,
AMEND,2009,,,
CERTIFY,2009,,,
CONTROL,2009,,,
AVAIL,2009,,,
CONCLUDE,2009,,,
COMPLEMENT,2009,,,
ADVANTAGE,2009,,,
ACCRUAL,2009,,,
COMFORT,2009,,,
CONSERVATIVE,2009,,,
ALLOW,2009,,,
CONFIRM,2009,,,
CONVERGE,2009,,,
CONVICT,2009,,,
APPROVE,2009,,,
BETTER,2009,,,
ADVANTAGEOUS,2009,,,
COMPETENT,2009,,,
AGILE,2009,,,
CALCULATE,2009,,,
CASH,2009,,,
ACCURATE,2009,,,
COMPENSATE,2009,,,
CONSISTENCY,2009,,,
COLLABORATE,2009,,,
CONSOLIDATE,2009,,,
COMPENSATION,2009,,,
CAREFUL,2009,,,
ACCEPTABLE,2009,,,
CONGRUENT,2009,,,
BUDGET,2009,,,
CULTIVATE,2009,,,
CONTRIBUTE,2009,,,
BOOM,2009,,,
BEST,2009,,,
APPROVAL,2009,,,
COMPLY,2009,,,
APPRECIABLE,2009,,,
DISTRICT,,2009,,
DUN,,2009,,
ENCROACH,,2009,,
COMMERCE,,2009,,
COORDINATE,,2009,,
DISCRETION,,2009,,
ACQUITTAL,,2009,,
CONTINGENCY,,2009,,
ACTION,,2009,,
CONCEDE,,2009,,
EFFICIENCY,,2009,,
ALLOT,,2009,,
DISCREET,,2009,,
DISCLAIM,,2009,,
DUE,,2009,,
CONSUME,,2009,,
APPRAISE,,2009,,
DEFAULT,,2009,,
DOMINANT,,2009,,
CORPORATE,,2009,,
CHIEF,,2009,,
DISAPPEAR,,2009,,
EXECUTIVE,,2009,,
CONFERENCE,,2009,,
DESERT,,2009,,
DEFICIENCY,,2009,,
CONSPICUOUS,,2009,,
DECREE,,2009,,
COMPLETION,,2009,,
ATTEST,,2009,,
DESCRIBE,,2009,,
DONATE,,2009,,
CONSTANT,,2009,,
CANDID,,2009,,
EQUITABLE,,2009,,
DEAL,,2009,,
CORNERSTONE,,2009,,
CRASH,,2009,,
COMPOUND,,2009,,
EMOTIONAL,,2009,,
EXTINGUISH,,2009,,
COMPRISE,,2009,,
CONVICTION,,2009,,
ASSURANCE,,2009,,
DISTRESS,,2009,,
ARREAR,,2009,,
DESCEND,,2009,,
CONSISTENT,,2009,,
AFFECT,,2009,,
ARISE,,2009,,
BAN,,2009,,
DERELICT,,2009,,
COMPROMISE,,2009,,
AGGREGATE,,2009,,
DEFINITIVE,,2009,,
BREAKDOWN,,2009,,
COMPONENT,,2009,,
AVOID,,2009,,
CONTINUE,,2009,,
DISPUTE,,2009,,
EXPEL,,2009,,
DISINTERRED,,2009,,
ASSIGN,,2009,,
CHALLENGE,,2009,,
UP,,2009,,
DEGRADATION,,2009,,
EXECUTION,,2009,,
COLLECT,,2009,,
CREDIBILITY,,2009,,
DETERMINATION,,2009,,
ESCHEAT,,2009,,
EMANATE,,2009,,
ADVERSITY,,2009,,
AFFLICT,,2009,,
DIOXIN,,2009,,
DISBURSE,,2009,,
COMBAT,,2009,,
DEBT,,2009,,
DOMINATE,,2009,,
CONVERT,,2009,,
DISTRIBUTE,,2009,,
DOCUMENT,,2009,,
EXPROPRIATE,,2009,,
COPYRIGHT,,2009,,
EMBARGO,,2009,,
BLOCK,,2009,,
DENY,,2009,,
DIAGNOSE,,2009,,
BAR,,2009,,
CORRELATE,,2009,,
DECEIVE,,2009,,
COMMON,,2009,,
COERCE,,2009,,
DURESS,,2009,,
DEDICATE,,2009,,
COMMITMENT,,2009,,
CLARIFY,,2009,,
AFFIDAVIT,,2009,,
CONVENE,,2009,,
BELITTLE,,2009,,
CONFIDENT,,2009,,
EQUITY,,2009,,
DODGE,,2009,,
COMPETENCE,,2009,,
DETAIN,,2009,,
CERTIFY,,2009,,
EXCEPTION,,2009,,
AGGRAVATE,,2009,,
EXHIBIT,,2009,,
DISCONTINUE,,2009,,
CONTRADICT,,2009,,
DILUTE,,2009,,
CONSERVATIVE,,2009,,
EXPEND,,2009,,
DISFIGURE,,2009,,
EXTERNAL,,2009,,
COMPETENT,,2009,,
EXPONENTIAL,,2009,,
CONCERN,,2009,,
EXEMPT,,2009,,
ACKNOWLEDGE,,2009,,
ERRATIC,,2009,,
DISCLOSE,,2009,,
CONCILIATE,,2009,,
COMPLAINT,,2009,,
DIFFICULTY,,2009,,
DETERMINE,,2009,,
COMPLY,,2009,,
ACCRUE,,2009,,
CONSTRUCT,,2009,,
ENCUMBER,,2009,,
CALAMITY,,2009,,
CONSEQUENCE,,2009,,
DILIGENCE,,2009,,
ENTITLE,,2009,,
AUTHORIZE,,2009,,
COMPARABLE,,2009,,
ENTAIL,,2009,,
DETERIORATE,,2009,,
COLLATERAL,,2009,,
ESSENTIAL,,2009,,
COMPREHENSIVE,,2009,,
EARN,,2009,,
DISPLAY,,2009,,
ELEVATE,,2009,,
EXPLOIT,,2009,,
CONFLICT,,2009,,
COMMUNICATE,,2009,,
ATTAIN,,2009,,
CORROBORATE,,2009,,
ENHANCE,,2009,,
DELAYED,,2009,,
ASPERSION,,2009,,
BRIBE,,2009,,
DISPOSAL,,2009,,
BURDENSOME,,2009,,
COVENANT,,2009,,
CURRENCY,,2009,,
ENSURE,,2009,,
EVOLVE,,2009,,
EFFECTIVE,,2009,,
ACCOMPLICE,,2009,,
CONTEND,,2009,,
DISSOLVE,,2009,,
COST,,2009,,
ENTRENCH,,2009,,
ESTIMATE,,2009,,
BARGAIN,,2009,,
DEFENDANT,,2009,,
ABATE,,2009,,
EXCLUDE,,2009,,
ENMESH,,2009,,
CRITICIZE,,2009,,
EXCELLENT,,2009,,
DIVERGENT,,2009,,
ALIENATE,,2009,,
DISSENT,,2009,,
ABUSE,,2009,,
CONNECT,,2009,,
APPROPRIATE,,2009,,
CYCLICAL,,2009,,
COMMIT,,2009,,
EQUIP,,2009,,
ATTEMPT,,2009,,
ARGUE,,2009,,
DEFER,,2009,,
DIRECT,,2009,,
DEBILITATE,,2009,,
EMBEZZLE,,2009,,
CHECK,,2009,,
CONFESS,,2009,,
EFFICACY,,2009,,
CONTINGENT,,2009,,
CREATE,,2009,,
ESCROW,,2009,,
CATASTROPHE,,2009,,
EXPLORE,,2009,,
CARGO,,2009,,
EMBRACE,,2009,,
DISSATISFIED,,2009,,
CIRCUMVENT,,2009,,
CRIME,,2009,,
DULL,,2009,,
CONSOLIDATION,,2009,,
ELABORATE,,2009,,
DELAY,,2009,,
DISCIPLINE,,2009,,
CREDIT,,2009,,
DIVISION,,2009,,
ARREST,,2009,,
ECONOMY,,2009,,
ANNULLMENT,,2009,,
BOYCOTT,,2009,,
ABBREVIATE,,2009,,
DISPATCH,,2009,,
CONFIDENCE,,2009,,
CONTAMINATE,,2009,,
EXTORT,,2009,,
AGREE,,2009,,
CONSCIENCE,,2009,,
CONSUMMATE,,2009,,
CONCLUSION,,2009,,
ABANDON,,2009,,
BIAS,,2009,,
DAMAGE,,2009,,
EXEMPLARY,,2009,,
COMPLETE,,2009,,
CONSECUTIVE,,2009,,
DISMANTLE,,2009,,
ENDURE,,2009,,
ENGAGE,,2009,,
ESTOP,,2009,,
CONCEPT,,2009,,
DEPRECIATE,,2009,,
EXTRAORDINARY,,2009,,
EXPERT,,2009,,
COMPACT,,2009,,
ALLOCATE,,2009,,
ABRIDGE,,2009,,
CONCLUDE,,2009,,
DIVEST,,2009,,
ABEYANCE,,2009,,
EXPRESS,,2009,,
DISTURB,,2009,,
EASE,,2009,,
EXPENSE,,2009,,
CONFINE,,2009,,
ABSTRACT,,2009,,
DRAWBACK,,2009,,
COUNT,,2009,,
CRISIS,,2009,,
BREACH,,2009,,
DEPRIVATION,,2009,,
BANKRUPT,,2009,,
CENSURE,,2009,,
DOMESTIC,,2009,,
EARNINGS,,2009,,
EDICT,,2009,,
COMPENSATION,,2009,,
CONTRIBUTE,,2009,,
DECLINE,,2009,,
EXERT,,2009,,
EXPUNGE,,2009,,
AID,,2009,,
DEFEAT,,2009,,
DISABILITY,,2009,,
DIVERSE,,2009,,
BUSY,,2009,,
EXPERIMENT,,2009,,
CONSTITUTE,,2009,,
COMMODITY,,2009,,
DRASTIC,,2009,,
ENTICE,,2009,,
EXTRAVAGANT,,2009,,
DEBENTURE,,2009,,
DEMOTE,,2009,,
DESPITE,,2009,,
ALLEVIATE,,2009,,
BURGLARY,,2009,,
DESTITUTE,,2009,,
EXPLAIN,,2009,,
ENJOIN,,2009,,
ASSESS,,2009,,
CAP,,2009,,
ABSTAIN,,2009,,
DEPART,,2009,,
APPEAL,,2009,,
CONSTRAIN,,2009,,
ABSCOND,,2009,,
EXCULPATE,,2009,,
EXPEDITE,,2009,,
CONCENTRATE,,2009,,
CONSIDERABLE,,2009,,
EXTRADITE,,2009,,
EXPOSE,,2009,,
COOPERATE,,2009,,
DISCRIMINATE,,2009,,
ESCAPE,,2009,,
ALLOWANCE,,2009,,
CAUTIONARY,,2009,,
CONDEMN,,2009,,
CONDUCT,,2009,,
DISALLOW,,2009,,
DISREGARD,,2009,,
DIVORCE,,2009,,
EXTENUATE,,2009,,
AMENDMENT,,2009,,
DIVIDEND,,2009,,
DESIST,,2009,,
CARRY,,2009,,
EMERGE,,2009,,
EMPLOYER,,2009,,
EXTENSION,,2009,,
ENDEAVOR,,2009,,
ABROGATE,,2009,,
EXTREME,,2009,,
ATTACH,,2009,,
COMPLICATE,,2009,,
CONCEIVE,,2009,,
DESTROY,,2009,,
COUNSEL,,2009,,
EXAMINATION,,2009,,
EXCLUSIVE,,2009,,
DISPOSE,,2009,,
ALTER,,2009,,
COMPETITIVE,,2009,,
ELUSIVE,,2009,,
ABSENCE,,2009,,
DEPOSE,,2009,,
EXCEED,,2009,,
CONFISCATE,,2009,,
EMPIRICAL,,2009,,
DEFICIT,,2009,,
EMBARK,,2009,,
DEROGATORY,,2009,,
DESTRUCTION,,2009,,
ENACT,,2009,,
ESTABLISH,,2009,,
CONSIGN,,2009,,
CLAUSE,,2009,,
EXECUTE,,2009,,
EDGE,,2009,,
COMPETITION,,2009,,
EVEN,,2009,,
DWELL,,2009,,
CONTRARY,,2009,,
DEVICE,,2009,,
EVIDENCE,,2009,,
CONFORM,,2009,,
DETRIMENT,,2009,,
DELIST,,2009,,
ASCERTAIN,,2009,,
CONSIDER,,2009,,
BURDEN,,2009,,
DELETERIOUS,,2009,,
ENVISION,,2009,,
EFFECT,,2009,,
CHARITABLE,,2009,,
CARELESS,,2009,,
ENLARGE,,2009,,
AGGRESSIVE,,2009,,
ENTERPRISE,,2009,,
ERECT,,2009,,
COURT,,2009,,
BLAMEWORTHY,,2009,,
DEVIATE,,2009,,
EMPLOY,,2009,,
CRITICAL,,2009,,
COMPETE,,2009,,
AUTHORITY,,2009,,
EXPAND,,2009,,
CONGRESS,,2009,,
EMOLUMENT,,2009,,
ESTATE,,2009,,
CONSENT,,2009,,
EXCHANGE,,2009,,
EXTRACT,,2009,,
CORRECT,,2009,,
EVICT,,2009,,
COMPLAIN,,2009,,
ANTICIPATE,,2009,,
ARRAIGN,,2009,,
CONCURRENT,,2009,,
AMEND,,2009,,
CONTROL,,2009,,
DISPLACE,,2009,,
CONTROVERSY,,2009,,
DEFEND,,2009,,
DUPLICATE,,2009,,
ACCUSE,,2009,,
CRIPPLING,,2009,,
CONVICT,,2009,,
CLASS,,2009,,
DISABLE,,2009,,
COMPULSORY,,2009,,
BETTER,,2009,,
ALLEGATION,,2009,,
DANGER,,2009,,
DISAPPROVE,,2009,,
CAUTION,,2009,,
BACKLASH,,2009,,
CALCULATE,,2009,,
ELECTION,,2009,,
BLIGHT,,2009,,
BLAME,,2009,,
DELINQUENCY,,2009,,
DIVESTITURE,,2009,,
APPELLATE,,2009,,
ABERRANT,,2009,,
CUTOFF,,2009,,
ELIGIBLE,,2009,,
ENDORSE,,2009,,
DISPROPORTIONATE,,2009,,
DISCREPANCY,,2009,,
ESTEEM,,2009,,
EMIT,,2009,,
EXTEND,,2009,,
ABOLISH,,2009,,
ABET,,2009,,
CONDITION,,2009,,
CLOSE,,2009,,
DISCUSS,,2009,,
EMPTY,,2009,,
EXPOSURE,,2009,,
DISAGREE,,2009,,
BACKLOG,,2009,,
ENSUE,,2009,,
ENUMERATE,,2009,,
DEVASTATE,,2009,,
CLAIM,,2009,,
DISADVANTAGE,,2009,,
EVALUATE,,2009,,
DISCOVER,,2009,,
CONVERSION,,2009,,
DELIVER,,2009,,
CONSIST,,2009,,
DEMONSTRATE,,2009,,
CUSTODY,,2009,,
COMPLIANCE,,2009,,
APPREHEND,,2009,,
BLEAK,,2009,,
COLLUSION,,2009,,
CULPABLE,,2009,,
CONSULT,,2009,,
DISCOURAGE,,2009,,
ERR,,2009,,
AMBIGUOUS,,2009,,
DISAPPROVAL,,2009,,
ALTERNATIVE,,2009,,
CONFRONT,,2009,,
COMMENCE,,2009,,
CUSTOMARY,,2009,,
ENVIRONMENT,,2009,,
EQUAL,,2009,,
AIM,,2009,,
DISORDER,,2009,,
DISRUPT,,2009,,
DEPEND,,2009,,
DISGORGE,,2009,,
DISTRIBUTION,,2009,,
DOUBTFUL,,2009,,
DEAR,,2009,,
DISTRACT,,2009,,
ENTITY,,2009,,
AMORTIZE,,2009,,
DECIDE,,2009,,
DETECT,,2009,,
EVENTUALLY,,2009,,
CONVENIENT,,2009,,
ASSIST,,2009,,
ASSUME,,2009,,
DEPLETE,,2009,,
CANCEL,,2009,,
CEASE,,2009,,
COLLAPSE,,2009,,
EXCISE,,2009,,
ENGROSS,,2009,,
ADVERSE,,2009,,
APPEAR,,2009,,
DEPRESS,,2009,,
ENDANGER,,2009,,
DEMAND,,2009,,
DISPOSITION,,2009,,
DECISION,,2009,,
EMPHASIZE,,2009,,
EJECT,,2009,,
COMPEL,,2009,,
BENCHMARK,,2009,,
ERROR,,2009,,
CHATTEL,,2009,,
EXONERATE,,2009,,
CURE,,2009,,
ARBITRATE,,2009,,
EXCESS,,2009,,
ADVERSARIAL,,2009,,
ALTERCATION,,2009,,
DISCERN,,2009,,
DAMAGES,,2009,,
BIND,,2009,,
AGITATE,,2009,,
ARTICULATE,,2009,,
BASELESS,,2009,,
ABNORMAL,,2009,,
DISASTER,,2009,,
AFFILIATE,,2009,,
EXPIRE,,2009,,
COVER,,2009,,
DISEASE,,2009,,
CONTAGION,,2009,,
ENFORCE,,2009,,
DISTORT,,2009,,
DISCOUNT,,2009,,
AUDIT,,2009,,
EXERCISE,,2009,,
EMPLOYEE,,2009,,
BEAR,,2009,,
DESIGNATE,,2009,,
CONTRACT,,2009,,
CAPTURE,,2009,,
CONCEAL,,2009,,
EFFORT,,2009,,
DIMINISH,,2009,,
DERIVE,,2009,,
CAUSE,,2009,,
DISMISS,,2009,,
DEFENSE,,2009,,
EMERGENCY,,2009,,
CONFIRM,,2009,,
CATCH,,2009,,
ESCALATE,,2009,,
DISPENSE,,2009,,
ELAPSE,,2009,,
ELIMINATE,,2009,,
DISAPPOINT,,2009,,
DEFINE,,2009,,
DISHONEST,,2009,,
ABDICATE,,2009,,
CONJECTURE,,2009,,
EXAMINE,,2009,,
CRIMINAL,,2009,,
DUMP,,2009,,
EMINENT,,2009,,
COMPENSATE,,2009,,
DEBTHOLDER,,2009,,
CONVENTION,,2009,,
BAD,,2009,,
ALLEGE,,2009,,
CONSOLIDATE,,2009,,
ABSOLVE,,2009,,
CHAOS,,2009,,
EXPECT,,2009,,
CHARGE,,2009,,
COMMUNITY,,2009,,
CLEAN,,2009,,
DEFECT,,2009,,
ABORT,,2009,,
CORRECTIVE,,2009,,
MERGER,,,,2009
ACQUISITION,2009,,,
DIVESTITURE,,2009,,
ANTITRUST,,2009,,2009
